{"Fid":"fCZpbo77TEOTxxuvdgGc4b","Status":3,"AuthToken":"eyJhbGciOiJFUzI1NiIsInR5cCI6IkpXVCJ9.eyJhcHBJZCI6IjE6NzI5NTg3NzQyMDYwOmFuZHJvaWQ6ZTdkNmY4N2M3ODNmNTJiOWE0MmY0OSIsImV4cCI6MTcxOTEzMTU5NSwiZmlkIjoiZkNacGJvNzdURU9UeHh1dmRnR2M0YiIsInByb2plY3ROdW1iZXIiOjcyOTU4Nzc0MjA2MH0.AB2LPV8wRQIhAP31dltqD1M7IXEKws-d8Gz7xxZ6E7lKIQUsqoMCo9ZcAiAjp4WSAMjD2nzIKxBJqm5xNjdVWyo7828IIg7Hoc_j2A","RefreshToken":"3_AS3qfwJ1vOXFWDa8mY5nxkQGnKxhYCuxAZXzb9gKhyCxl6Uw8N7Tgm7UZfKh9icj1ZGFRBXU38HAMNF4CupHOypecAAY5B-sZjS1ibC5DjXRIig","TokenCreationEpochInSecs":1718526796,"ExpiresInSecs":604800}